{
  "optimization_config": {
    "l1_ratio": 0.7,
    "alpha": 0.02,
    "kl_weight": 0.15,
    "optimization_mode": "hybrid",
    "total_pairs": 8,
    "successful_pairs": 8
  },
  "portfolio_summary": {
    "total_avg_pnl": 6575361.498230933,
    "profitable_pairs": 7,
    "total_pairs": 8,
    "profitability_rate": 0.875,
    "avg_sharpe": 0.00040178320321875943,
    "avg_win_rate": 0.453035922643121,
    "avg_elasticnet_penalty": 0.03731643938569205,
    "avg_kl_penalty": 0.14131160694886236,
    "optimization_mode": "hybrid"
  },
  "optimized_pairs": {
    "NFLX-CRM": {
      "best_params": {
        "lookback": 25,
        "z_entry": 1.8316263166562192,
        "z_exit": 0.3484097506960385,
        "position_size": 30093,
        "transaction_cost": 0.0009640429651598972,
        "profit_target": 2.8316263166536446,
        "stop_loss": 1.0706969928515622
      },
      "avg_val_pnl": 1869674.0009302602,
      "avg_val_sharpe": 0.0,
      "avg_val_win_rate": 0.5358324471227697,
      "avg_elasticnet_penalty": 0.03979573378807707,
      "avg_kl_penalty": 0.09497111139678821
    },
    "ISRG-CL": {
      "best_params": {
        "lookback": 25,
        "z_entry": 1.7845173981119475,
        "z_exit": 0.322971254467696,
        "position_size": 36691,
        "transaction_cost": 0.0008657525513633283,
        "profit_target": 2.7845173981119475,
        "stop_loss": 1.0505074563336918
      },
      "avg_val_pnl": 2014733.4886777792,
      "avg_val_sharpe": 0.0,
      "avg_val_win_rate": 0.45817901234567904,
      "avg_elasticnet_penalty": 0.041226028756745026,
      "avg_kl_penalty": 0.18506717440597045
    },
    "TJX-LRCX": {
      "best_params": {
        "lookback": 24,
        "z_entry": 1.7395400424751308,
        "z_exit": 0.2986958885386846,
        "position_size": 38696,
        "transaction_cost": 0.0008072831983280815,
        "profit_target": 2.739540042475131,
        "stop_loss": 1.031231446775056
      },
      "avg_val_pnl": 398347.5929045107,
      "avg_val_sharpe": 0.0,
      "avg_val_win_rate": 0.4220289855072464,
      "avg_elasticnet_penalty": 0.0408400015745718,
      "avg_kl_penalty": 0.19870901761685325
    },
    "ABT-NVDA": {
      "best_params": {
        "lookback": 29,
        "z_entry": 2.059757620991473,
        "z_exit": 0.4717970168617187,
        "position_size": 32519,
        "transaction_cost": 0.0013043558333628892,
        "profit_target": 3.059757620991473,
        "stop_loss": 1.1684675518534884
      },
      "avg_val_pnl": -144762.75587940853,
      "avg_val_sharpe": 0.0,
      "avg_val_win_rate": 0.34848484848484845,
      "avg_elasticnet_penalty": 0.04798342318035805,
      "avg_kl_penalty": 0.24820933432738954
    },
    "COF-SPGI": {
      "best_params": {
        "lookback": 29,
        "z_entry": 2.0597576209861375,
        "z_exit": 0.47179701687894515,
        "position_size": 31541,
        "transaction_cost": 0.0013016267456869828,
        "profit_target": 3.0597576209861375,
        "stop_loss": 1.1684675518512018
      },
      "avg_val_pnl": 386531.6934867387,
      "avg_val_sharpe": 0.0,
      "avg_val_win_rate": 0.4920634920634921,
      "avg_elasticnet_penalty": 0.04754294064454021,
      "avg_kl_penalty": 0.16515109996397706
    },
    "PEP-CVX": {
      "best_params": {
        "lookback": 12,
        "z_entry": 1.6074487466012854,
        "z_exit": 0.1,
        "position_size": 48038,
        "transaction_cost": 0.0001,
        "profit_target": 2.001891542472693,
        "stop_loss": 0.7150963753472134
      },
      "avg_val_pnl": 1150165.81044887,
      "avg_val_sharpe": 0.0032142656257500755,
      "avg_val_win_rate": 0.4627892432770482,
      "avg_elasticnet_penalty": 0.03039200692236722,
      "avg_kl_penalty": 0.10886086174002209
    },
    "PG-AON": {
      "best_params": {
        "lookback": 16,
        "z_entry": 1.242720133546119,
        "z_exit": 0.1,
        "position_size": 30914,
        "transaction_cost": 0.0006994941670508482,
        "profit_target": 2.242720133544686,
        "stop_loss": 0.8183086286625298
      },
      "avg_val_pnl": 311287.17799413955,
      "avg_val_sharpe": 0.0,
      "avg_val_win_rate": 0.4581626557433009,
      "avg_elasticnet_penalty": 0.02555038753693503,
      "avg_kl_penalty": 0.06080981145157204
    },
    "CB-BAC": {
      "best_params": {
        "lookback": 15,
        "z_entry": 1.1384349297530312,
        "z_exit": 0.1,
        "position_size": 38413,
        "transaction_cost": 0.0001,
        "profit_target": 2.138434929756896,
        "stop_loss": 0.7736149698945055
      },
      "avg_val_pnl": 589384.4896680437,
      "avg_val_sharpe": 0.0,
      "avg_val_win_rate": 0.44674669660058325,
      "avg_elasticnet_penalty": 0.025200992681941956,
      "avg_kl_penalty": 0.06871444468832624
    }
  }
}